Date,Sales,Order Profit Per Order,Order Item Discount,Order Item Total
2015-01-01,32806.09068969,4433.480024824,3426.400004188,29379.70039794
2015-01-02,29818.2105754,1292.8499757159998,3016.359998792,26801.90024221
2015-01-03,36348.71064799,5366.600017398,3489.449986779,32859.30034066
2015-01-04,35738.970669141,5630.989988706,3869.510000193,31869.500330073
2015-01-05,31067.91060268,3088.100045796,3534.920024937,27533.05021462
2015-01-06,33395.7105771,723.9700580119999,3320.590005566,30075.16036253
2015-01-07,32923.22068822,3927.0600387189997,2989.839998752,29933.4104233
2015-01-08,37590.17087039,2834.600010112,3718.580007559,33871.65046734
2015-01-09,26004.93051718,3706.440001816,2596.480007709,23408.53022382
2015-01-10,37053.860758329996,4295.9299864390005,3535.109991682,33518.78044539
2015-01-11,34164.16064509,4367.739942405,3266.8700034,30897.31033718
2015-01-12,41095.9106852,5355.489998099,4456.389998643,36639.57037979
2015-01-13,35891.89062765,2567.809976782,3523.1600095109998,32368.78031033
2015-01-14,30612.27051049,3205.669989203,3548.220004312,27064.11022775
2015-01-15,32878.95064001,3176.209951088,3194.820009104,29684.16038923
2015-01-16,32478.98063865,2992.8599718600003,3306.440003743,29172.60029619
2015-01-17,30329.26063763,3054.019969073,2819.480004619,27509.81032746
2015-01-18,34781.71068021,4573.930023922,3164.579996742,31617.150323589998
2015-01-19,33488.03065335,4788.660038896,3390.990005356,30097.09032296
2015-01-20,32802.99052066,3649.0100220990003,3378.410003319,29424.61032496
2015-01-21,38436.26073839,2056.9999973020003,4535.609999441,33900.76041437
2015-01-22,38525.42079003,3279.71000075,3746.720013923,34778.73037764
2015-01-23,34007.61064357,3729.410005878,3258.790004005,30748.87039764
2015-01-24,31529.08064654,1421.779970416,3124.290006933,28404.84032403
2015-01-25,32758.91063516,4360.779995904,2880.300005701,29878.65031845
2015-01-26,35029.14061573,4722.060017102,3569.510003958,31459.66031646
2015-01-27,34471.94066266,1479.1500415530002,3666.649995358,30805.34043332
2015-01-28,32660.28064749,4622.940029728,3558.520000911,29101.80026051
2015-01-29,32615.290586891,3562.740030762,3440.440009543,29174.90025818
2015-01-30,34770.170727101,5351.520001523,3447.870001393,31322.360367802
2015-01-31,35514.03066874,4042.230009862,3433.980002009,32080.0703787
2015-02-01,33479.75071748,4146.550043396,3196.790004267,30282.970416969998
2015-02-02,31396.61059809,4493.659988287,2899.430006327,28497.20033458
2015-02-03,33932.600653291,4098.089969374,3517.100006715,30415.550261723
2015-02-04,28906.28055239,5024.149984813,3370.909995293,25535.4302344
2015-02-05,32781.71065725,3305.330027404,3341.53999679,29440.22033673
2015-02-06,36093.73080082,4299.850050131,3463.630001501,32630.15040992
2015-02-07,34045.97066538,4142.219987817,3918.780012555,30127.23023399
2015-02-08,29839.82065423,3934.749995712,2891.699997292,26948.15030188
2015-02-09,32900.79062105,3406.289947135,3136.530004859,29764.29029478
2015-02-10,38439.75081091,44.13007748799987,3914.720016608,34525.09050596
2015-02-11,27310.85054986,3640.4699795359998,2482.760003394,24828.1202564
2015-02-12,26140.78053653,2660.409993946,2709.920000214,23430.89033316
2015-02-13,37157.10072573,2890.800001095,3875.829993145,33281.31035078
2015-02-14,27146.03057889,3125.830034724,2638.680003162,24507.36026211
2015-02-15,39126.13083103,3975.9800322359997,4326.980004828,34799.23043827
2015-02-16,34253.78059219,4046.650000212,3323.549998033,30930.28036494
2015-02-17,32234.44059598,3002.779986444,3307.270008561,28927.20030978
2015-02-18,33127.36061323,4158.290018715,3096.820000633,30030.57028446
2015-02-19,34261.7805941,3679.849991979,3765.270002866,30496.56028374
2015-02-20,31889.47057408,2279.640027749,3297.200003014,28592.31031427
2015-02-21,40896.36080773,5529.929994224,4346.710010827,36549.69042431
2015-02-22,30743.06056432,3379.819967761,3004.100003534,27739.03025168
2015-02-23,36422.04065955,4186.240040149,3541.369997968,32880.69039561
2015-02-24,33342.54065732,1943.7400303619997,3476.880011011,29865.68033797
2015-02-25,32779.59061089,3334.189990423,3236.710006388,29542.9303293
2015-02-26,34557.01066616,4380.950024629,3312.309995677,31244.73042705
2015-02-27,30001.25062006,3471.330020061,3059.240011081,26942.06033906
2015-02-28,33803.3006595,2558.739990079,3545.8400114759997,30257.5002193
2015-03-01,38229.09070392,4445.120019032,3958.14000225,34271.00042323
2015-03-02,36247.75071756,2281.57001145,3714.760001456,32533.05037905
2015-03-03,32555.210669289998,1749.000070684,3264.070006968,29291.15036246
2015-03-04,35756.750704289996,2084.959992074,3323.399996096,32433.42033013
2015-03-05,33807.90067876,5115.129994678,3737.6999961,30070.25030742
2015-03-06,32439.99061625,2297.4200097049998,3382.200012303,29057.810413619998
2015-03-07,35637.06064047,3758.150025423,3870.23000335,31766.89031595
2015-03-08,35435.65066004,3987.9100457659997,3531.559999739,31904.1303998
2015-03-09,34784.93063589,4351.829994929,3111.970014363,31673.01038224
2015-03-10,35258.16074235,3049.610021884,3079.95000686,32178.26042118
2015-03-11,27900.63056007,1917.809972221,3230.679991114,24669.96022204
2015-03-12,35738.51066053,3216.840072443,4288.959999228,31449.61034021
2015-03-13,32501.29078159,3095.38009089,3259.010006314,29242.31039103
2015-03-14,38546.29062338,4384.790000587,3763.330009988,34783.03028507
2015-03-15,29916.44060536,1587.3699857750003,3059.279998905,26857.18025573
2015-03-16,32193.47063858,4596.330013334,3059.550003146,29133.95029845
2015-03-17,33487.08066779,4457.520028386,3339.789999703,30147.34033861
2015-03-18,34408.88066909,4348.960025123,3685.199998425,30723.71039509
2015-03-19,36184.37063477,5182.800000785,3737.040007221,32447.39028577
2015-03-20,27545.650554981,-572.290028772,2766.830003048,24778.850307811
2015-03-21,33187.67060539,5886.310020992,3476.090009861,29711.64038866
2015-03-22,32983.79060957,4997.630008185,3206.769997581,29777.05032551
2015-03-23,29300.310585242,5882.000000533,2875.050012953,26425.300239392
2015-03-24,30518.19054829,4015.879962949,3131.160005531,27387.09032474
2015-03-25,30739.02057676,2255.589985414,3158.369995604,27580.67016187
2015-03-26,33583.65059854,2423.279990616,3261.740003162,30321.93030667
2015-03-27,31845.16057822,3872.71001857,3300.769998708,28544.4603233
2015-03-28,34281.86064935,5187.889939174,3972.929999513,30308.95026036
2015-03-29,38545.15079182,4630.920004939,3753.35000422,34791.85045072
2015-03-30,40222.95084417,4971.829929321,4371.580024372,35851.4104406
2015-03-31,37470.82078196,4317.959984037,3533.420004848,33937.45039564
2015-04-01,39081.450870951,3405.220012011,3960.489999945,35121.03043275
2015-04-02,32076.90060848,3775.5400118340003,3129.740005319,28947.20029287
2015-04-03,35598.5906431,2034.119994998,3162.410005186,32436.2303639
2015-04-04,32830.72066143,4844.360017795,3573.309991513,29257.44028567
2015-04-05,28456.02055573,2678.200002213,2738.530004606,25717.50030883
2015-04-06,30824.64060636,2979.120026411,3666.300011572,27158.36029069
2015-04-07,34286.35059761,1874.540009067,3505.949996532,30780.44033077
2015-04-08,33474.2907489,3800.179972598,3365.050002813,30109.29034083
2015-04-09,35859.01075622,3266.730021039,3393.320004527,32465.76041423
2015-04-10,39130.61078839,4373.570002495,4094.340010743,35036.32043441
2015-04-11,35615.61067621,3247.120000626,3199.100005382,32416.55029117
2015-04-12,35886.23067897,4666.829968151,3898.439996106,31987.83039082
2015-04-13,33262.85068347,4034.320012182,3645.780006675,29617.14046667
2015-04-14,35108.56064063,4572.969996939,3480.27000522,31628.33027102
2015-04-15,32041.85052892,4983.110020249,3026.069995611,29015.83021947
2015-04-16,35192.9506652,2441.510053128,3882.040008268,31310.93034784
2015-04-17,36885.98070373,4388.069964021,3822.100006221,33063.94028287
2015-04-18,28024.620598362,2996.089992671,2561.390001958,25463.270275745
2015-04-19,42683.34083442,2325.889983345,4033.489999368,38649.90058357
2015-04-20,33842.94067802,4495.840033653,3632.920001497,30210.05035094
2015-04-21,24780.2104839,842.9299917980001,2299.440003268,22480.79023727
2015-04-22,33944.12060589,3438.5599729279998,3680.980001831,30263.18027927
2015-04-23,29214.62050879,4899.269961706,3241.260004645,25973.41018148
2015-04-24,34321.97065979,5576.049991146,3535.299998106,30786.70036718
2015-04-25,31081.67058582,4192.570009148,2588.630003378,28493.11040351
2015-04-26,36087.66061239,3622.0600176119997,4400.150008128,31687.55027197
2015-04-27,32840.1807043,4239.729960594,3224.970003607,29615.27044574
2015-04-28,34399.330719339996,3394.900029566,2778.809996954,31620.54048137
2015-04-29,34452.93066042,4759.270000009,3147.070007497,31305.92035527
2015-04-30,33177.06075684,1935.009926696,3792.510008803,29384.58026318
2015-05-01,35425.40072442,3933.140017188,4137.789992366,31287.65038132
2015-05-02,34121.92058952,3998.299933917,3460.430009469,30661.53035754
2015-05-03,32271.22064206,3908.730028316,2874.760010124,29396.52026742
2015-05-04,33350.29061938,3591.1700076829998,3541.89999058,29808.41037763
2015-05-05,29233.94054978,3092.710008332,2413.089994122,26820.88026978
2015-05-06,31336.36065305,4669.3800057729995,3340.329999789,27996.08023042
2015-05-07,36981.52069685,1891.620035612,3880.130012864,33101.44032865
2015-05-08,33990.61058084,5543.830040324,3458.410010006,30532.23030321
2015-05-09,35200.10069281,3455.800017525,3317.860000813,31882.28038035
2015-05-10,26743.63039054,2962.779994592,2790.079991736,23953.59027501
2015-05-11,35627.43073686,1914.049960242,4127.789997491,31499.68026951
2015-05-12,29922.54058121,1822.549998294,2844.859998284,27077.74032996
2015-05-13,35730.12066278,3332.210052059,3723.930014077,32006.230304689998
2015-05-14,38607.32075682,2970.7299434829997,3981.930006029,34625.43037987
2015-05-15,31891.13055052,3809.359991424,2589.930000905,29301.230297
2015-05-16,29713.17053494,3082.390021768,2957.920002976,26755.30026453
2015-05-17,34767.81071126,4406.96002784,3880.580009067,30887.27032511
2015-05-18,37263.56068844,2871.820035245,3798.52999614,33465.05035993
2015-05-19,36669.85075237,3365.959954223,3669.230001993,33000.71037529
2015-05-20,32943.47070367,3665.700050282,3396.010007501,29547.49036802
2015-05-21,29816.01058012,2771.419995597,2554.920006097,27261.11025982
2015-05-22,32962.57056048,3746.299913073,3843.360005023,29119.2602098
2015-05-23,35028.99068454,4639.819985406,3379.909988188,31649.10029949
2015-05-24,32412.77060182,-213.07994464400002,3622.890004923,28789.90030931
2015-05-25,36091.81068273,4747.890007156,3472.500012197,32619.37031782
2015-05-26,30902.42062979,5405.079954029,2531.619999517,28370.84036273
2015-05-27,35500.29073947,3566.7600184149996,3615.860001254,31884.44039902
2015-05-28,35197.91055879,4049.0000350779997,4109.830000364,31088.14025301
2015-05-29,37743.8708007,5705.220033195,3787.699994426,33956.22033347
2015-05-30,41780.52091079,6363.400053331,4139.640008185,37640.92051868
2015-05-31,31249.87058513,3076.899968519,3296.199998615,27953.72024774
2015-06-01,37639.59066086,4521.650059107,3403.590008852,34236.03035707
2015-06-02,36395.0206226,2563.15001714,3747.840009159,32647.22037359
2015-06-03,33124.46068399,2905.619994193,3710.300002978,29414.20043334
2015-06-04,34009.610618681,7431.239985263,3320.369992759,30689.290161621
2015-06-05,28250.56054483,4099.160009327,2837.78000109,25412.84020393
2015-06-06,33899.39065626,2278.159995085,3062.80000242,30836.63044582
2015-06-07,32717.12069133,2933.28998996,3281.050011862,29436.10033583
2015-06-08,41056.00076132,4383.179968824,4392.310011186,36663.74025712
2015-06-09,34560.5407438,3539.950006162,3618.689993592,30941.91037012
2015-06-10,33341.64064466,2561.5100071889997,3554.839987369,29786.82036618
2015-06-11,30810.63062701,5502.040011646,3150.240003835,27660.43035895
2015-06-12,29999.590637441,2963.770042308,3437.300008351,26562.330334719998
2015-06-13,35050.30070884,3485.8400704819996,3322.790010693,31727.55035
2015-06-14,32270.36055959,5118.290020394,2837.710001067,29432.69028826
2015-06-15,32883.65060282,4325.260017237,3650.950004334,29232.73026489
2015-06-16,35532.59072316,2206.06005839,3441.3400085050002,32091.30039
2015-06-17,32805.1605835,3429.7800147059997,3055.550009563,29749.64028941
2015-06-18,29245.200529089998,4365.349998668999,3186.4499944540003,26058.79027191
2015-06-19,33857.110664499996,2262.960035859,3315.1000058619998,30542.040378449998
2015-06-20,36557.6906765,2323.860001767,4174.93999589,32382.78034806
2015-06-21,37072.47072085,4303.539969671,3802.340011714,33270.2304105
2015-06-22,32080.66058976,2620.300042606,2881.060005549,29199.61034421
2015-06-23,31579.41058361,4520.690005433,3233.690000492,28345.76033403
2015-06-24,32606.69067398,2098.0100669549997,3229.439994803,29377.290367139998
2015-06-25,39761.11084055,3050.240016676,4369.85000985,35391.30052163
2015-06-26,33478.0906449,4483.889978778,3174.260011673,30303.85044516
2015-06-27,34897.97064813,3054.369955347,3783.039996173,31115.00026543
2015-06-28,29411.13056177,3036.580050446,2884.329997545,26526.83024607
2015-06-29,37251.34073696,5269.189973537,3833.140010706,33418.250305659996
2015-06-30,41861.070890741,4510.229949985,4072.270001377,37788.870456482
2015-07-01,33470.82056814,3846.230021593,3165.580005766,30305.27026759
2015-07-02,35616.90072306,3415.040020031,3720.189998041,31896.75038336
2015-07-03,37560.45075642,4441.769999312,4134.119998074,33426.3703723
2015-07-04,31927.430630079998,2936.519987306,3160.939999931,28766.53038413
2015-07-05,34764.72063649,3840.729961105,3626.580012436,31138.20025675
2015-07-06,30801.14067483,5155.080028661,3073.910005686,27727.27040882
2015-07-07,35538.26071781,320.8099930949999,3420.840002631,32117.47042291
2015-07-08,30825.360561751,3566.800028437,3091.49000609,27733.900263110998
2015-07-09,33994.640593241,2811.150031007,3336.039994045,30658.660335843
2015-07-10,34977.000725,6214.189991353,3749.79999553,31227.23030457
2015-07-11,37512.74072326,3609.739974442,3709.280011529,33803.52040955
2015-07-12,33988.11073885,4640.510046868,3713.390003976,30274.77026589
2015-07-13,28077.590584319998,3595.679997782,2824.320003513,25253.29030426
2015-07-14,44848.2208675,7004.529987129,3999.310018367,40848.98051492
2015-07-15,33115.75062588,2646.129919917,3644.889997233,29470.89025714
2015-07-16,34320.470758999996,4207.829973265,3388.97000294,30931.5603723
2015-07-17,34444.350674119996,1784.350007561,3690.250003124,30754.140309
2015-07-18,32033.19051393,4827.959966685,3368.5099939350002,28664.70030757
2015-07-19,33316.15066556,6472.699966033,3192.72999822,30123.48030248
2015-07-20,31637.56061588,3693.8599578609997,3542.110010258,28095.48028952
2015-07-21,34973.260574679996,4205.420071692,3451.710009423,31521.60021638
2015-07-22,27354.87055977,2585.960024685,2618.190004231,24736.700391719998
2015-07-23,31025.77059958,2791.629949676,2826.419998215,28199.39031982
2015-07-24,31738.48059686,2607.109992585,3395.999998802,28342.530292299998
2015-07-25,31012.08064475,2735.849972457,3305.990006261,27706.14029099
2015-07-26,34877.68072722,3108.52998735,3119.959997884,31757.75044623
2015-07-27,28559.45039206,4002.450009563,3223.320008806,25336.15019987
2015-07-28,37259.62067804,4033.500011429,3781.12001062,33478.54028506
2015-07-29,32077.64062524,2067.420044459,3337.820003861,28739.8602984
2015-07-30,31942.31061004,3679.649953186,3182.569993897,28759.7603897
2015-07-31,34489.16073251,4774.930002143,3349.320003177,31139.90036417
2015-08-01,31025.19062104,2316.800015472,3201.250004765,27823.98028577
2015-08-02,37345.79079102,5471.61002108,4020.1999999180002,33325.6204396
2015-08-03,33286.84064892,3789.930035285,2994.630001872,30292.2703832
2015-08-04,37221.39077418,5903.170044871,3900.270004911,33321.17039505
2015-08-05,33144.18059364,2356.849979605,3886.090012413,29258.12028085
2015-08-06,34768.22074019,1778.390056043,3410.169996248,31358.090302149998
2015-08-07,34600.75066553,6465.249963599,3428.040003294,31172.76034187
2015-08-08,24152.85044473,4479.310020598,2240.959997864,21911.91027439
2015-08-09,28626.51057677,2563.280003748,2699.430003822,25927.12022612
2015-08-10,35151.99070969,7273.200033756,3672.010007028,31480.01029983
2015-08-11,30227.33059143,3231.659967083,3125.730000991,27101.64025879
2015-08-12,34366.700724011,4877.870001855,3604.50000499,30762.230395612
2015-08-13,33031.17065631,4116.439982459,3750.729992362,29280.49030696
2015-08-14,30948.66066971,2721.079988497,3066.350013137,27882.36029069
2015-08-15,33908.35075251,3709.629956833,3470.910001279,30437.48048418
2015-08-16,35620.85068341,4340.160005357,3239.390006096,32381.49043316
2015-08-17,36599.670667831,7009.370013202,3633.039997045,32966.68029605
2015-08-18,28977.54060358,2419.439991488,2919.949999924,26057.63020118
2015-08-19,33696.57067926,1904.910025999,3380.270002598,30316.33036062
2015-08-20,31590.72067709,1512.740083064,3457.390007616,28133.38035986
2015-08-21,36573.04067827,5738.55995528,3636.780005814,32936.3204671
2015-08-22,35628.99077465,3819.829994912,3332.119996002,32296.88050688
2015-08-23,30628.82059132,2878.7100575709997,3314.960013983,27313.90027923
2015-08-24,24407.24048837,4051.220032049,2314.290007241,22092.98020566
2015-08-25,37450.47086045,3074.329998726,3608.820002669,33841.68048111
2015-08-26,30048.17057247,3373.699988007,3167.770001691,26880.4302426
2015-08-27,31003.33060677,4540.76999085,3513.779993693,27489.6002335
2015-08-28,35822.96063811,2630.2800428819996,3724.360010505,32098.62041306
2015-08-29,38115.76079774,3040.4200413089998,4003.620008464,34112.18031859
2015-08-30,35451.92064907,1288.860019113,3326.939999014,32125.04037891
2015-08-31,36072.70071069,5301.999990938,3258.259999511,32814.47039319
2015-09-01,34701.89066193,6007.970034321,3683.590014139,31018.37031372
2015-09-02,34307.48075506,2717.590011947,3476.899993286,30830.61035552
2015-09-03,35013.030623201,4934.339991707,3525.290003401,31487.770391081
2015-09-04,39918.68093517,5943.389970415,3959.84000087,35958.87058272
2015-09-05,35725.06074161,2644.9000014460003,3636.670004847,32088.47039445
2015-09-06,36282.38064969,3132.889921404,3648.490003953,32633.940252289998
2015-09-07,33133.09067367,2220.210038699,3371.130006916,29762.030321
2015-09-08,33425.01068324,3950.420003765,3514.949997664,29910.08044218
2015-09-09,33320.230680579996,2858.069985249,3492.940005448,29827.31031799
2015-09-10,29740.36056566,3857.000042714,3061.700003918,26678.70022999
2015-09-11,31487.42055539,4895.9300103410005,3561.770003544,27925.70023528
2015-09-12,35885.40071696,5310.7099964,3832.000015093,32053.45033395
2015-09-13,32210.79068609,4743.10001675,2635.25000339,29575.58040106
2015-09-14,32628.83051694,4031.529973695,2947.71999876,29681.17023089
2015-09-15,31283.21067273,2807.990010569,3496.090009201,27787.180376
2015-09-16,33179.26057308,4566.849998403,3748.01000252,29431.31021744
2015-09-17,30111.36061345,4079.200004685,2831.609996902,27279.78033439
2015-09-18,33941.82058348,2235.739991177,3896.849994755,30044.99034332
2015-09-19,31761.9806102,2846.33001152,3011.950015069,28750.06027251
2015-09-20,35103.730680921,6245.909981485,3443.080002089,31660.730316303
2015-09-21,33626.23070568,4952.419976761,3602.709996547,30023.56038122
2015-09-22,36156.44072149,4446.489981527,3589.780012604,32566.70036302
2015-09-23,35991.93070045,2910.710048025,3208.170005433,32783.81040765
2015-09-24,33353.28066662,1754.4100153089998,3677.120002131,29676.180293049998
2015-09-25,30698.430582201,2856.910001635,3182.229998393,27516.230172479998
2015-09-26,36439.79069005,3988.920019623,3527.210002172,32912.64041171
2015-09-27,36869.79077983,4538.400009488,3710.880002963,33158.96043029
2015-09-28,34138.32067735,4652.230006913,3733.390006478,30404.9704065
2015-09-29,32785.75065111,153.24007592499999,3382.870009429,29402.91023476
2015-09-30,35117.6106207,3184.139986244,3427.370003011,31690.30038064
2015-10-01,38279.14078186,638.160020906,3496.70999433,34782.4603197
2015-10-02,33294.970715,3591.00995728,3908.200003147,29386.80021229
2015-10-03,36644.72074575,3540.729985547,3632.57000469,33012.21042813
2015-10-04,28932.06057009,3415.370062331,2918.560002488,26013.56039061
2015-10-05,31295.19061666,3262.919969462,2985.96000814,28309.26035298
2015-10-06,33932.61065849,6170.10999683,3850.590000848,30082.06023613
2015-10-07,28936.8906081,2500.589963643,2746.760004606,26190.16034915
2015-10-08,36152.69071588,1614.43004616,3281.9500013809998,32870.79030765
2015-10-09,40360.02088597,4198.340027147,4244.230007158,36115.820408139996
2015-10-10,30976.66062003,1877.619977035,3426.090004868,27550.61030405
2015-10-11,35254.600614689996,4437.75999735,3537.969997206,31716.66040224
2015-10-12,36310.38077216,2189.039970743,3551.600018457,32758.85046022
2015-10-13,37660.44057145,4400.039936345,3612.340007829,34048.13034661
2015-10-14,32637.84070467,-250.049944429,3147.769996644,29490.11035771
2015-10-15,34062.99061267,1174.3299414870003,3701.29999308,30361.72028177
2015-10-16,29829.73062761,1587.0900992020001,3117.570001126,26712.18027615
2015-10-17,31181.19064396,2211.070012903,3106.4600005,28074.80025548
2015-10-18,36625.82068844,1927.169983791,3777.240008475,32848.63034218
2015-10-19,34141.7006262,4150.650003888,3030.730002608,31110.99033736
2015-10-20,31392.20048167,5668.27998569,3172.769995126,28219.46022403
2015-10-21,34040.16064275,4358.879951721,3826.220005509,30213.97030873
2015-10-22,27218.8905528,4561.200020424,2924.070005172,24294.86022759
2015-10-23,32805.07062972,4852.390021139,3376.88999561,29428.23035821
2015-10-24,31747.97057193,5378.510055848,3351.950010074,28396.06034135
2015-10-25,30680.00058795,1837.449979605,2779.65000737,27900.37023393
2015-10-26,28385.61048332,6122.789975394,2580.100004734,25805.57030509
2015-10-27,45682.93082861,2563.769926894,4400.089997573,41282.90044167
2015-10-28,36573.73074022,1804.730061604,3988.380001262,32585.39039056
2015-10-29,33467.40080123,2935.340027936,3581.780009756,29885.65034494
2015-10-30,35411.95066079,4001.740051926,3555.39999045,31856.590296219998
2015-10-31,35238.70067262,5036.409974037,3412.520011241,31826.24037216
2015-11-01,31257.81061216,1636.730049729,3149.369989971,28108.46026428
2015-11-02,42209.51094458,3848.19997785,4507.920014268,37701.620512
2015-11-03,33212.250753989996,2675.929941393,3382.899998193,29829.43039712
2015-11-04,40000.01082276,5138.409994937,4172.670010356,35827.39040674
2015-11-05,34196.99066938,4463.909984427,3344.3799975,30852.64026636
2015-11-06,35966.03072972,5420.379961977,3401.610003053,32564.45035966
2015-11-07,34385.5308119,3931.160019733,3255.389998082,31130.19050352
2015-11-08,34069.590717761,4561.899943315,3722.880016691,30346.780379601998
2015-11-09,37376.80078944,3392.950046388,4175.429996485,33201.40042345
2015-11-10,23221.62041474,2236.2500198019998,2331.299992286,20890.35018702
2015-11-11,35274.83074216,2484.049997799,3369.530009782,31905.34036936
2015-11-12,32199.54059053,2251.009952137,3171.170006375,29028.400306839998
2015-11-13,40782.06068881,3432.899971822,4381.169999103,36400.95022628
2015-11-14,30261.21057755,1533.1000384459999,3164.820010065,27096.42032357
2015-11-15,32323.430677551,3351.8000577010002,2986.989996928,29336.480354663
2015-11-16,34957.69065672,4320.620016803,3439.899999639,31517.8403644
2015-11-17,33913.67067542,4626.510008842,3528.960010884,30384.76033766
2015-11-18,34666.600748771,4020.700003174,3635.920007946,31030.720432291
2015-11-19,38061.48069408,5139.4699608089995,3819.930003544,34241.58025591
2015-11-20,35883.64066725,536.5301037660001,3686.520000121,32197.17038919
2015-11-21,34640.77059238,2992.850001376,3312.589999072,31328.23036237
2015-11-22,30552.28065126,2338.690010413,3020.820001409,27531.50038163
2015-11-23,35668.70068587,2934.970018234,3656.470004346,32012.31021531
2015-11-24,29345.62064412,4343.769982902,3153.109998706,26192.540273399998
2015-11-25,33205.08063722,3597.279986488,3482.10000318,29723.000423229998
2015-11-26,32472.79066116,2677.200041871,3088.580010418,29384.26045435
2015-11-27,35183.67066215,4631.920020095,3870.390004303,31313.33031661
2015-11-28,32677.0905747,2605.5899959,2811.87999297,29865.25025604
2015-11-29,36552.69076545,4671.669974428,4066.440003156,32486.2903882
2015-11-30,34601.240759151,4630.910036972,3427.830010676,31173.480415551
2015-12-01,33162.02065116,3029.709985913,3113.059998991,30048.98035613
2015-12-02,34008.91061417,2848.740054346,3399.220002597,30609.73033138
2015-12-03,36310.00073684,3412.039973514,3528.100004064,32781.96038425
2015-12-04,32070.36066454,2459.6600664879998,3471.319996792,28599.06029547
2015-12-05,36163.19082317,7149.579991486,3506.909993988,32656.32044019
2015-12-06,31802.22064646,2798.519991823,3486.210022433,28316.07035083
2015-12-07,29726.380463081,2126.69998174,2901.159999466,26825.230249971
2015-12-08,29134.53058258,3686.789962159,2914.350000586,26220.2303087
2015-12-09,36622.67077875,5180.789987158,4036.649998768,32586.06036558
2015-12-10,31620.210602389998,2828.600021863,3328.850012228,28291.4103454
2015-12-11,33698.25062988,-373.9499981220001,3288.870001256,30409.44041681
2015-12-12,35464.82062008,5821.699994904,3451.770004495,32013.08032827
2015-12-13,37909.73073794,6286.759977344,3872.559995673,34037.20037985
2015-12-14,35589.84087405,4447.789903762,3551.210009503,32038.690435559998
2015-12-15,36261.26062606,3161.559958051,3816.729998792,32444.57033733
2015-12-16,35530.63063844,3861.310009164,3576.67000348,31954.00033029
2015-12-17,27218.88051444,3173.000000351,2760.050003105,24458.88024162
2015-12-18,31731.13066711,3792.92997683,3223.770007608,28507.41038748
2015-12-19,34922.3606319,872.410023638,3431.970008369,31490.44031639
2015-12-20,31569.050600489998,3793.949978065,3279.98999705,28289.09036268
2015-12-21,34754.92068926,3943.65998609,3628.420002323,31126.53038982
2015-12-22,30779.56056041,3589.090036454,3039.549995809,27740.04019854
2015-12-23,37724.50074597,4123.52003223,3876.590001088,33847.95019048
2015-12-24,36846.42067553,3686.400002314,3620.390007311,33226.07037589
2015-12-25,40193.12084604,5693.270028115,4075.449999688,36117.74039277
2015-12-26,36098.90076458,3477.8500409159997,3731.600014089,32367.35044124
2015-12-27,37610.63076435,1869.4000184759998,3958.869995523,33651.81050855
2015-12-28,31313.93054831,2846.909956312,3251.330011875,28062.6402206
2015-12-29,33997.12067258,4393.249965977,3258.750003201,30738.40027259
2015-12-30,34174.8406149,3564.130028834,3617.180002562,30557.720217269998
2015-12-31,33830.48062934,3095.479944794,3317.69999527,30512.81038037
2016-01-01,33344.290648,3720.440001002,3496.4699972060002,29847.86026006
2016-01-02,32120.98064468,2787.219984027,2867.749999044,29253.26035306
2016-01-03,37910.81073022,5336.920009617,4165.360005846,33745.51032814
2016-01-04,29439.67068341,4423.10002546,2902.130007216,26537.56037513
2016-01-05,27401.73043084,2899.4500259919996,2716.62001019,24685.15029839
2016-01-06,34094.45064763,2222.650021191,3653.260006074,30441.22028356
2016-01-07,37379.820768941,5218.340073886,3769.680000591,33610.21046032
2016-01-08,34112.93057629,5926.900028975,3098.869991807,31014.090276709998
2016-01-09,34196.33066249,5876.310007872,3460.030002432,30736.36024692
2016-01-10,28765.080532,4786.450066709,3266.839994947,25498.27024234
2016-01-11,33784.09070825,4348.169991891,3411.580008781,30372.54041452
2016-01-12,31512.37055598,2455.029973653,3033.050012705,28479.38038871
2016-01-13,32956.4406131,3502.680003696,3408.649994745,29547.81032205
2016-01-14,35649.84076174,3813.869960851,3697.399989773,31952.47032415
2016-01-15,31090.62067842,4408.69996084,2855.680006379,28234.97035604
2016-01-16,40865.27080954,3062.15999416,3916.490009247,36948.860418539996
2016-01-17,33114.04062165,2655.229961859,3465.670003752,29648.40038711
2016-01-18,32805.1406522,1080.1398946380002,3766.39000655,29038.78036022
2016-01-19,33503.8706462,3003.969964832,3281.859999983,30222.06024952
2016-01-20,31252.58067,4764.160044232,2912.089994095,28340.53027752
2016-01-21,34581.82070182,4387.070038826,3614.240008468,30967.61031925
2016-01-22,35813.00067728,2220.880026974,3436.090003894,32376.93040106
2016-01-23,33015.950683661,1802.330032503,3647.4000131,29368.620304922
2016-01-24,37827.88076261,4552.120029167,3683.660000436,34144.29043807
2016-01-25,34879.37062273,2263.549995246,3369.929999042,31509.46034005
2016-01-26,41137.07079935,2874.330031247,4537.640010693,36599.48039434
2016-01-27,34915.06070538,3977.669997387,3436.360008612,31478.75035462
2016-01-28,28033.530445559998,2224.760042246,2624.38001006,25409.17032867
2016-01-29,30217.51057479,-255.8599853269998,3432.430000272,26785.12021857
2016-01-30,39650.39082778,3558.060040243,3961.339985634,35689.08035721
2016-01-31,30936.30065767,2884.149984802,3136.540017915,27799.82029564
2016-02-01,32677.56076283,3613.28008724,3226.150002191,29451.47045637
2016-02-02,31619.980640961,3889.420052278,3008.000002284,28612.020373413
2016-02-03,33339.04066488,4339.809989339,3510.5700045080002,29828.51034161
2016-02-04,32708.37067081,2037.0000289630002,3760.029997801,28948.38026948
2016-02-05,32233.77055591,1739.690032968,3121.990004089,29111.82029742
2016-02-06,30975.31060855,3882.990003509,2740.300002432,28235.0202869
2016-02-07,37128.56071916,95.53002344299995,4299.250013359,32829.390385059996
2016-02-08,32532.87064378,2038.320069592,3271.809994503,29261.11038262
2016-02-09,36675.92072332,4652.930047659,3548.66000025,33127.32034307
2016-02-10,31947.15056058,4379.670004882,3090.560001647,28856.6203268
2016-02-11,32016.77054984,2316.390016366,3675.820008726,28340.99026878
2016-02-12,28719.74057612,3066.439992998,2701.739999134,26018.04024212
2016-02-13,28739.00048096,3035.840025443,2601.390005646,26137.63026229
2016-02-14,30413.28053481,3222.0599913309998,3514.160006406,26899.1602828
2016-02-15,27243.72054884,666.8300488379998,2556.470014459,24687.28027561
2016-02-16,36864.480772211,1606.810038324,3675.620003946,33188.900446291
2016-02-17,36247.30073055,456.1400353310002,3790.979992362,32456.36031004
2016-02-18,37417.65067919,1689.0800115739999,3701.66999624,33716.010361399996
2016-02-19,37429.75076119,5555.380014762,3845.020002359,33584.78033443
2016-02-20,35736.39074535,4621.320013086,3364.910006603,32371.52041077
2016-02-21,35052.30066314,2336.2099748729997,3997.050001433,31055.33035845
2016-02-22,36344.89078943,3274.439985538,3672.849996599,32672.06046104
2016-02-23,36739.7207777,3071.810062706,3412.229999703,33327.52041828
2016-02-24,29209.01045456,5383.720007089,3258.900012469,25950.16027878
2016-02-25,29687.8906368,3932.310040158,3380.9000029950002,26307.03021086
2016-02-26,36819.19063224,2760.3100416129996,3213.699997113,33605.55040976
2016-02-27,31626.46072414,4013.819995899,3284.900008015,28341.600378
2016-02-28,33213.310699839996,1024.639990382,3374.790018211,29838.550339
2016-02-29,37183.45071772,4107.300015479,3826.879987584,33356.61027528
2016-03-01,29808.560609971,3622.37998193,2871.109993146,26937.49034982
2016-03-02,31729.48059896,4332.939955756,3608.450008086,28121.08032231
2016-03-03,36376.64077619,4761.3900279340005,3341.640012393,33035.040416589996
2016-03-04,33050.01063178,2226.740049814,3262.39999984,29787.64032177
2016-03-05,33904.9506689,3186.100029442,3110.090010579,30794.92030558
2016-03-06,34094.040663171,4060.809999222,3798.810000268,30295.270356612
2016-03-07,33380.08063148,1671.4499644730001,3708.539999838,29671.57029172
2016-03-08,29482.6406599,2433.059955629,2998.970008248,26483.71024719
2016-03-09,34183.08066421,3498.210006239,3228.4299958770002,30954.71026982
2016-03-10,40711.75092194,2024.430070333,4038.990001715,36672.81062747
2016-03-11,28515.23058893,1076.069985703,3015.820015949,25499.43036443
2016-03-12,31793.04062481,3946.110031145,3142.029998613,28651.0603045
2016-03-13,26273.81050508,3448.370048838,2428.780003184,23845.05032364
2016-03-14,28661.50057065,3780.529943585,3045.250004048,25616.30030642
2016-03-15,32668.19060365,4513.809985993,3465.480002665,29202.76032291
2016-03-16,31193.42063543,1735.500013886,3062.259999329,28131.20023837
2016-03-17,31622.30053186,5448.960025628,2998.659999068,28623.67021452
2016-03-18,43284.34091011,1061.800032892,4714.680003516,38569.69045406
2016-03-19,33458.440666591,1139.0399588029998,3485.790002818,29972.720361871
2016-03-20,37236.15085273,2687.230126751,3741.190012154,33494.9903796
2016-03-21,30284.36066884,2542.390034536,3004.970004066,27279.41035682
2016-03-22,29416.8306011,2207.759993034,2545.57000369,26871.30041534
2016-03-23,27102.62052544,2208.049961306,3140.719997958,23961.92022678
2016-03-24,33247.28070114,4621.26001629,3669.670006265,29577.64034646
2016-03-25,36385.8707506,3494.389996588,3544.430002609,32841.48037755
2016-03-26,37920.75076541,5057.110053942,3677.099990608,34243.69035374
2016-03-27,35053.86070665,6016.950038793,3714.26000607,31339.66030137
2016-03-28,32808.30072991,3430.479937699,3323.700009837,29484.67034518
2016-03-29,32020.22068026,2356.999982964,3118.290006658,28901.95046244
2016-03-30,37293.67083943,5370.000029412,4104.010011086,33189.71036539
2016-03-31,32891.69053285,3299.67001125,3456.569994072,29435.18022966
2016-04-01,37839.45073729,7286.919946919,3472.440002423,34367.07039241
2016-04-02,31483.56061562,3027.920059892,2937.850007178,28545.73029522
2016-04-03,32504.45054867,4900.690036852,3389.130004342,29115.38033858
2016-04-04,29801.74069056,4227.990008163,3317.400005761,26484.38033855
2016-04-05,36407.26072532,3819.660072677,3397.560001468,33009.73047113
2016-04-06,36413.41077862,4319.50999446,3815.769999595,32597.66040452
2016-04-07,33466.15070557,3721.509974989,3644.570001839,29821.66036391
2016-04-08,32648.41062797,1306.32999593,2860.739997353,29787.71031631
2016-04-09,33810.11074109,4202.149972696,3401.880006183,30408.26037408
2016-04-10,36693.50064499,3558.690055709,3751.840007293,32941.71029627
2016-04-11,37556.330789721,6390.449987885,3981.129994425,33575.240369963
2016-04-12,34179.71073769,6298.689987512,3540.410001139,30639.340331979998
2016-04-13,34125.97064987,3669.8299614929997,3340.950004395,30785.05026825
2016-04-14,31003.43065491,4552.360016156,3547.990014552,27455.51027514
2016-04-15,37098.57074004,2838.430014117,3421.389998192,33677.20052089
2016-04-16,34923.000717581,4982.290017616,3301.840003078,31621.180375112
2016-04-17,33504.31064107,3718.0799511,2983.300013196,30521.06033181
2016-04-18,38883.38074902,4982.529986988,4620.389990532,34263.0302542
2016-04-19,33478.86063605,4256.300018993,3452.760009052,30026.15044049
2016-04-20,33413.42061041,5639.359965677,3296.780003065,30116.66034989
2016-04-21,39312.84068141,2892.820009799,4107.500006903,35205.40024993
2016-04-22,29606.520470081,2649.800011038,2746.42999653,26860.11015386
2016-04-23,35940.740741839996,1324.3799962449998,3877.009993966,32063.780395409998
2016-04-24,32097.07066749,2929.580025525,3088.710008737,29008.39040961
2016-04-25,33970.04064002,4750.249957096,3272.460007469,30697.63030438
2016-04-26,27051.690550209998,2983.849973024,2791.410004845,24260.32022573
2016-04-27,28822.87061916,2594.629959278,3088.239998927,25734.65021352
2016-04-28,31918.15069998,1802.3699810399999,3083.050004902,28835.13040264
2016-04-29,28410.9005854,3048.77994281,2791.100004968,25619.85023721
2016-04-30,24845.72038071,2300.470025259,2397.810000649,22447.9402083
2016-05-01,32454.66057228,5413.459998478,3602.420003818,28852.30033494
2016-05-02,27662.87050236,4450.800042262,2597.639997716,25065.26026985
2016-05-03,29417.58059534,1078.0100213120002,2904.770010388,26512.8502883
2016-05-04,32143.2807435,3707.879974252,3354.029996197,28789.29039611
2016-05-05,32884.250708141,3883.380024424,3472.139999845,29412.150383111
2016-05-06,32696.050621641,3559.329986993,3326.370016373,29369.710303973
2016-05-07,34065.9806103,4770.250041728,3088.509996459,30977.50034748
2016-05-08,33809.70065145,3631.920015288,3633.45000528,30176.27031711
2016-05-09,32363.80064216,3380.36999452,3529.7900089,28834.090314869998
2016-05-10,28391.64055302,1918.119980126,2584.320002725,25807.34037054
2016-05-11,36805.02078864,6460.87001384,3662.109995226,33142.94051173
2016-05-12,37778.66081439,3381.429948783,3878.190008651,33900.52040275
2016-05-13,32200.43065678,5106.980002752,3397.590000844,28802.890340859998
2016-05-14,36491.510781121,3384.3799627939998,3394.069998303,33097.49044715
2016-05-15,39136.44078834,2820.5600171419997,4067.240011844,35069.23037333
2016-05-16,39168.39079708,5459.680044075,4260.12001199,34908.32040835
2016-05-17,31909.94073509,3017.1600147550002,3455.529997466,28454.42046366
2016-05-18,33527.23056853,2021.7300030440001,3215.400001398,30311.86023747
2016-05-19,30648.64065013,2628.35000059,2797.22000037,27851.48030486
2016-05-20,33343.65066166,2415.379966704,3395.749998647,29947.940387759998
2016-05-21,32987.9305807,4355.319956206999,3506.850004789,29481.13025652
2016-05-22,37808.380749179996,3381.880103287,3512.850013845,34295.60033909
2016-05-23,30956.10068924,2595.710012961,2949.240001073,28006.87039228
2016-05-24,34061.85069159,5137.309970337,3308.840008382,30753.0503563
2016-05-25,30182.00059377,2763.2700142539998,3348.289994261,26833.7502864
2016-05-26,28609.47058872,776.1300095079998,3135.150003735,25474.35022262
2016-05-27,33743.76067551,3528.579999173,3418.120001535,30325.68030736
2016-05-28,31724.10059402,3711.280014119,3103.70999692,28620.43030352
2016-05-29,31890.84062625,4764.469995526,3348.370017306,28542.51031922
2016-05-30,37561.04082502,2743.5999898269997,3584.500003923,33976.60045223
2016-05-31,32974.99066737,4468.529992274,3590.640014243,29384.39030412
2016-06-01,33351.84070068,1572.60004987,3133.970001013,30217.90029563
2016-06-02,29810.25060097,3704.709984814,3194.250006216,26616.0403063
2016-06-03,32507.030605699998,3001.790013178,3009.5600035420002,29497.52035181
2016-06-04,37360.23069782,5268.630033947,4376.489994969,32983.78030604
2016-06-05,30478.84065652,2394.210016816,2874.840002165,27604.030376579998
2016-06-06,33256.20061533,4077.020004799,3028.150008112,30228.09036637
2016-06-07,36439.000732989996,4739.600010573,4181.040014329,32258.010284429998
2016-06-08,32675.8307464,4202.619980977,3060.200004036,29615.66041232
2016-06-09,26863.83049617,3962.619991002,2616.969996082,24246.90019792
2016-06-10,39040.74073809,3749.870065311,3915.640007721,35125.16046524
2016-06-11,35802.36072242,3819.800029714,3682.9099944609998,32119.47047082
2016-06-12,31188.4106527,1908.870014127,3424.729993865,27763.71029672
2016-06-13,34517.98071696,5067.999985758,3547.0900018400002,30970.95027936
2016-06-14,34426.66060302,1945.3599540060002,3427.640007208,30999.05036964
2016-06-15,35742.34081105,2676.220010483,3575.070000999,32167.32046918
2016-06-16,31877.45059282,3956.440025408,3083.490002581,28794.00030767
2016-06-17,27981.53051621,3604.840005351,2675.010010432,25306.55033628
2016-06-18,33419.23067511,2935.049988067,3691.770001284,29727.51024842
2016-06-19,33465.59072297,5243.889988881,3906.649989581,29559.00040889
2016-06-20,31543.12062874,3482.409998282,2963.0700087,28580.10026023
2016-06-21,35228.0907484,2333.429994438,3502.110006579,31726.00044286
2016-06-22,38561.10067608,5263.6600388980005,3597.9200029,34963.22030084
2016-06-23,33482.02066095,2637.799982425,3447.270002981,30034.79033871
2016-06-24,30027.5106623,5872.619966747,3358.780014513,26668.76035132
2016-06-25,33773.17066025,3753.2199488869996,3285.770012317,30487.47035982
2016-06-26,38066.91074585,3265.349996859,3941.499989072,34125.46039404
2016-06-27,34076.57060654,3245.419954561,3785.589989505,30291.010277459998
2016-06-28,34474.100685561,2017.0200340379997,3263.440009746,31210.690250632
2016-06-29,31569.26078629,3393.339991095,3034.810004448,28534.5103512
2016-06-30,32052.34054011,1099.6600488069998,3027.030006993,29025.34030934
2016-07-01,32933.7206288,2638.800081883,3497.340003486,29436.4103599
2016-07-02,32698.19070687,4038.250002582,3301.980010089,29396.260376539998
2016-07-03,37485.34067552,3771.319999119,3651.800000279,33833.5803606
2016-07-04,31040.75054612,2169.899962259,3488.809997788,27551.98023219
2016-07-05,33845.54061746,3919.100040083,3271.909994442,30573.6402803
2016-07-06,35758.92074785,5670.689995275,3526.130003574,32232.85034844
2016-07-07,35616.71076217,4170.989996618,3702.100015318,31914.68038555
2016-07-08,33802.24073436,4225.640029643,3309.700003497,30492.57044795
2016-07-09,33538.99064118,3092.010021183,3109.060002128,30429.96031413
2016-07-10,33234.99062561,5157.640007762,3684.319999914,29550.7103043
2016-07-11,36186.89073592,4547.829949453,4036.789998453,32150.15033107
2016-07-12,32409.06062513,2364.479980522,3097.769999727,29311.320358
2016-07-13,27663.76056501,2875.9499576910002,2784.410011949,24879.38031784
2016-07-14,36938.38082564,4156.13003309,3801.860007057,33136.59037225
2016-07-15,27581.79051975,3287.80998596,2409.519999024,25172.29026403
2016-07-16,37074.96068412,2949.300032444,3719.02000411,33356.00030756
2016-07-17,39920.30078575,7742.740008314,4228.489998958,35691.86042146
2016-07-18,41643.29081383,2125.410064353,4502.820006372,37140.53047772
2016-07-19,34104.490750079996,5159.660023145,3395.690002667,30708.85042609
2016-07-20,30895.42066396,2856.939979615,3028.580000511,27866.88035379
2016-07-21,32393.16059512,2357.140025418,3074.340002083,29318.84030931
2016-07-22,34599.890642469996,4412.950023093,3657.780005211,30942.16038335
2016-07-23,28310.560574,6110.609975347,2419.150002993,25891.47027604
2016-07-24,36036.16071774,7321.320012468,3776.620001458,32259.5903497
2016-07-25,31897.290649849998,3778.320005994,3300.719997347,28596.58037585
2016-07-26,32687.59061672,3661.0299852890003,3698.039997557,28989.58031456
2016-07-27,32865.99059907,2039.90999817,3388.130012972,29477.91019275
2016-07-28,36797.04078861,3175.790004272,3784.270004086,33012.81042056
2016-07-29,33262.24069837,2470.720057054,3263.070002266,29999.22041141
2016-07-30,31348.2406826,3690.129962006,3223.780006686,28124.51029189
2016-07-31,31143.71064232,4003.209982987,3366.519991364,27777.23023452
2016-08-01,30569.39057775,5277.030026148,2612.419998961,27956.99030356
2016-08-02,27697.16045977,4035.4600468099998,2929.120000123,24768.07022674
2016-08-03,36946.71072194,2535.0600767299998,3915.380005102,33031.38036868
2016-08-04,27781.580520839998,1822.999963733,2538.880010013,25242.73023426
2016-08-05,34427.82066334,4609.149985799,3894.640006656,30533.24034957
2016-08-06,43797.20086336,3702.8499470429997,4331.17001233,39466.07053439
2016-08-07,34130.93065125,5854.900008066,3373.700000712,30757.26034364
2016-08-08,31682.44072365,1866.919984273,3014.250001629,28668.25033221
2016-08-09,33608.19068368,662.1099981909999,3343.649988698,30264.57031752
2016-08-10,27396.93052493,4203.279998155,3195.91000425,24201.06013088
2016-08-11,36045.76071347,3167.939967339,3814.560005069,32231.2303239
2016-08-12,35317.900680951,5693.249991902,2832.480004278,32485.450373513
2016-08-13,28192.9505733,3754.199957592,3136.6800049080002,25056.33030134
2016-08-14,31948.4806843,4438.799950765,3375.840001657,28572.67029176
2016-08-15,32664.35067023,3247.4301033350002,2973.080011337,29691.30045512
2016-08-16,31506.6906687,1302.340052294,3395.139996401,28111.56028027
2016-08-17,37331.49072479,6031.549973417,3865.300011157,33466.25030721
2016-08-18,39298.53081737,2508.5500573199997,3547.909996981,35750.67043914
2016-08-19,29175.42067172,4284.810007593,3120.180001484,26055.27037027
2016-08-20,39721.31075704,5587.869968731,4107.940017543,35613.40034497
2016-08-21,34774.61068945,4944.53005865,3392.149998938,31382.53032894
2016-08-22,35888.890755531,3066.14002922,3783.949995487,32104.970415501
2016-08-23,31014.67055725,3783.869906857,3597.790009086,27416.910222129998
2016-08-24,32637.4207193,5961.209989035,3256.810003428,29380.6403791
2016-08-25,38971.59075772,4802.289994685,3556.820003266,35414.82043679
2016-08-26,29033.42054734,2012.0700473610002,2820.829998201,26212.63031752
2016-08-27,32966.18072917,2678.320008739,3498.300006313,29467.92029757
2016-08-28,34184.40079979,3724.760034653,3387.059999876,30797.39034699
2016-08-29,33783.41072124,-1390.339999711,3524.630002835,30258.80037321
2016-08-30,36621.85073143,1978.7399772269998,3593.900004922,33027.99035315
2016-08-31,39082.56075301,4581.45000508,4062.050004481,35020.58036791
2016-09-01,28378.26054807,2944.199989377,2693.700000745,25684.58029669
2016-09-02,31592.95062458,4670.330079665,3219.210002658,28373.78032656
2016-09-03,34293.90075177,3456.799983895,3954.530010377,30339.4002859
2016-09-04,32131.16064295,2790.080065141,3239.45000267,28891.77033646
2016-09-05,33109.76074067,4977.980035294,3239.960007066,29869.82025701
2016-09-06,35162.780731361,6293.170002093,3322.049996327,31840.800325731
2016-09-07,34912.90067919,5560.130015395,3245.470001054,31667.46039826
2016-09-08,30476.49053805,1392.440005946,3455.910004736,27020.61033049
2016-09-09,35446.66071348,2203.0999864510004,3758.470009577,31688.25032209
2016-09-10,30672.01067554,4641.999969534,3105.670001606,27566.39040383
2016-09-11,28585.76058393,3623.960006316,3019.729998366,25566.0602968
2016-09-12,33140.14058354,5188.289956203,3304.369997853,29835.80025118
2016-09-13,30704.44063801,2122.260024522,3188.880003565,27515.60025597
2016-09-14,32138.12062267,3232.770017465,3187.310001537,28950.83029488
2016-09-15,33118.66066172,2802.200012722,3599.360008781,29519.3603363
2016-09-16,43967.24091011,2793.099974282,4289.0199979770005,39678.28054844
2016-09-17,38942.700800419996,5455.370009899,3934.540008457,35008.18038963
2016-09-18,40619.610687581,6971.949947161,3859.979996351,36759.690256691
2016-09-19,32619.00072504,3690.600023035,3140.739999945,29478.30034666
2016-09-20,36156.87069165,5312.629936993,4212.760014643,31944.17036807
2016-09-21,28850.42049997,4845.529975217,3038.920004122,25811.53025527
2016-09-22,34666.830734581,5119.70996365,3162.079998555,31504.76049227
2016-09-23,34599.54082148,5339.51998484,3389.940006094,31209.66043377
2016-09-24,31814.33053618,4042.609982296,3444.500003535,28369.87024129
2016-09-25,31228.10059763,859.1500097960002,3037.929996354,28190.21015586
2016-09-26,33036.00062962,6272.68998179,3205.859999679,29830.170265329998
2016-09-27,28860.44055781,5735.439983969,2817.139992633,26043.34039524
2016-09-28,34868.030745271,2703.9100086979997,3662.570012332,31205.510405422
2016-09-29,36959.65068085,5895.029993598,3827.310006043,33132.39031258
2016-09-30,31344.27058429,2447.760051816,3469.26001042,27875.05037692
2016-10-01,34351.72051269,2963.440037712,3380.019995787,30971.73030469
2016-10-02,35704.80063467,3618.960015323,3780.780003574,31924.08019627
2016-10-03,34458.790636571,3502.9900102809997,3647.86999314,30810.950328562998
2016-10-04,34510.70068245,1371.829965891,3402.730004523,31108.01034003
2016-10-05,28651.66053778,930.100043903,2813.740003579,25837.94034576
2016-10-06,33450.62064352,5632.67999957,3401.090011533,30049.59018319
2016-10-07,30110.39064081,3151.350060497,2965.900007674,27144.51035711
2016-10-08,33397.07076481,3645.679996472,3324.920007299,30072.20038127
2016-10-09,26506.81052446,2395.039997377,3075.359995099,23431.49029547
2016-10-10,39706.33090083,5062.310005354,3799.310000749,35907.07051125
2016-10-11,34025.8005948,5453.330032998,3752.250017349,30273.60026361
2016-10-12,31596.02060916,3222.669970731,3008.439996538,28587.63039241
2016-10-13,35867.580736769996,2752.019936918,3633.780004318,32233.84035326
2016-10-14,36341.16055151,2821.859944703,3683.140004884,32658.07017174
2016-10-15,35892.570654691,3524.7400084710002,3506.730003223,32385.900314721
2016-10-16,29508.46053565,3196.499997719,2686.349992724,26822.140240059998
2016-10-17,32004.45059641,2472.220043581,3872.470006345,28132.00032341
2016-10-18,31538.62065731,3576.2900249279996,3354.360003789,28184.29038363
2016-10-19,31776.01059385,5547.2600228539995,2960.310007004,28815.77022884
2016-10-20,39260.68072978,4335.039989315,3643.680001614,35617.04034446
2016-10-21,36829.44073131,5275.9300376500005,3924.640003836,32904.84040466
2016-10-22,36322.55076049,5620.059968034,3799.030003536,32523.55042655
2016-10-23,31533.02064344,4358.529975422,2678.170004442,28854.89025899
2016-10-24,36135.56071699,5785.529991345,3775.889991132,32359.70041483
2016-10-25,35338.400742,4908.33996154,4193.870006738,31144.60035886
2016-10-26,33027.99062736,3216.8799569929997,3228.060013599,29799.98024654
2016-10-27,35941.450703149996,3634.979992539,3110.560002076,32830.91042719
2016-10-28,35079.77075,4929.690011213,3604.010004177,31475.80043583
2016-10-29,35628.65069825,3247.270017379,3575.620011041,32053.07035129
2016-10-30,31655.07063511,4424.769976184,3275.800003259,28379.30023956
2016-10-31,31978.39065988,2203.68005529,3390.649988234,28587.78037062
2016-11-01,29101.33061993,1961.100050669,2851.160014124,26250.22039426
2016-11-02,38409.89076244,2437.469931021,4155.189992303,34254.75024979
2016-11-03,40937.95085779,3148.610000552,3914.310004341,37023.70054258
2016-11-04,34275.9906388,4651.950024195,3588.160016783,30687.85033251
2016-11-05,33324.19067207,3905.750034389,3118.210000182,30206.02038566
2016-11-06,34720.49075742,4977.599999139,3313.390002638,31407.130455219998
2016-11-07,40817.43079259,4204.379975672,4633.070004919,36184.400430659996
2016-11-08,34857.02069526,3499.989990511,3741.279996678,31115.83027337
2016-11-09,31226.03055019,3073.8600655299997,3004.250002385,28221.81033724
2016-11-10,24866.0605497,4422.960033438,2739.170004473,22126.91021001
2016-11-11,39514.30088056,1014.3999766420001,3911.540005214,35602.81039415
2016-11-12,37062.49071182,3261.39002832,3283.76999476,33778.76041581
2016-11-13,32196.21064832,5621.999986126,3254.06000285,28942.1803705
2016-11-14,30584.64053956,3742.130033389,3414.880005876,27169.80027046
2016-11-15,31721.15067899,3838.519985397,3309.310000273,28411.88019644
2016-11-16,27816.29051972,4474.76001756,2477.93000039,25338.39025736
2016-11-17,42644.21085595,2516.060093473,4243.710011151,38400.55049943
2016-11-18,33635.20074681,3385.6100042079997,3696.419999176,29938.82035675
2016-11-19,33618.02067952,2725.85995414,3508.979997082,30109.10038756
2016-11-20,38783.22077962,4760.550019065,3858.100003648,34925.17043083
2016-11-21,35733.750738441,5937.949974896,3547.9700014640002,32185.84042879
2016-11-22,37611.80068655,2437.5899292599997,3900.4300017269998,33711.44036881
2016-11-23,31516.20064369,3609.580012119,3317.96001906,28198.270336319998
2016-11-24,34236.19073906,2751.529969677,3587.529997948,30648.7004132
2016-11-25,37923.37072993,4200.029966676,3654.579987946,34268.83033222
2016-11-26,35453.13076826,4385.029997093,3562.37000728,31890.800361999998
2016-11-27,36747.51061085,4569.239964277,4137.529995601,32610.05042839
2016-11-28,35953.27077534,2091.5199696809996,3408.580018185,32544.74041217
2016-11-29,38242.78070892,2394.5699704129997,3929.819985887,34313.00028845
2016-11-30,34060.01073651,5537.210004781,3330.419999583,30729.60040689
2016-12-01,31823.20060003,5289.8299751800005,3205.4300114,28617.82024002
2016-12-02,34039.960709,1021.440004029,3492.890011431,30547.10039094
2016-12-03,32822.22064984,3869.210014823,3317.519999556,29504.75038125
2016-12-04,36199.62077155,7183.4099701449995,3466.210002333,32733.44039049
2016-12-05,32352.85065718,4121.429995694,3514.010009542,28838.880260679998
2016-12-06,35129.04072421,3223.800016297,3379.039994293,31750.07036633
2016-12-07,33369.910568549996,2455.259981557,3347.650002582,30022.32026906
2016-12-08,32613.9305825,4596.069985406,3128.310001604,29485.66019823
2016-12-09,30347.120506921,2166.560006442,3468.790002753,26878.370226062
2016-12-10,35927.91076867,1925.299961883,3536.69000257,32391.240485899998
2016-12-11,34378.57062405,1934.3000470079999,3551.580009466,30827.02026864
2016-12-12,32886.92066411,1005.940011139,3334.460006151,29552.53028371
2016-12-13,32081.31065201,5396.559977942,2998.579996419,29082.77035344
2016-12-14,29858.07057946,3917.41992767,3052.710000852,26805.3802889
2016-12-15,30951.42070223,2572.159953714,3079.570013424,27871.90034781
2016-12-16,31911.820661551,3762.969961538,3375.829999911,28536.040288471
2016-12-17,33285.71061131,3258.580018459,3463.480002477,29822.2703342
2016-12-18,34371.78063948,4270.519938325,3644.329999433,30727.50027675
2016-12-19,33800.58067915,4596.180000483,3575.370000485,30225.24038293
2016-12-20,30012.19048887,4132.990071852,2480.440002998,27531.78024776
2016-12-21,28712.03051413,3446.600028187,3020.700006007,25691.37019362
2016-12-22,32604.14053927,4019.590050774,3264.890013644,29339.31042509
2016-12-23,35516.69069171,3493.780012974,3873.849998929,31642.89033553
2016-12-24,32960.92062818,4588.310007401,3428.519999724,29532.4503669
2016-12-25,36181.52064204,2065.559968383,3764.090009309,32417.47027561
2016-12-26,32306.63063291,2083.250020134,2925.010004642,29381.66030895
2016-12-27,39764.590786759996,3142.35998054,3776.819991396,35987.81030154
2016-12-28,38874.38076269,2796.7899762859997,3903.759995043,34970.66045979
2016-12-29,31390.04067798,3461.660049698,3399.840016215,27990.24026464
2016-12-30,35207.96063676,3434.220004793,3759.120004767,31448.900349
2016-12-31,35725.1207719,1770.640018252,3767.110001781,31958.04052189
2017-01-01,29470.950546519998,2576.219988193,3043.390004984,26427.60026937
2017-01-02,32905.43066983,3152.6499799,3221.1600025010002,29684.30033681
2017-01-03,27856.230552959998,1936.7400156389997,2578.080006234,25278.1602709
2017-01-04,32390.40067946,4567.369962762,3282.420003457,29108.04026184
2017-01-05,30528.45056164,4357.730019362,3184.269999711,27344.24025929
2017-01-06,32788.17066005,4141.919999589,3383.129997952,29405.08029328
2017-01-07,35970.960718531,6380.32998553,3389.509994545,32581.480418943
2017-01-08,38167.45078118,4791.090105554,4063.700007123,34103.79030997
2017-01-09,31281.870609901,4814.080041141,3555.260006595,27726.670234062
2017-01-10,36031.00071537,4778.259934915,3749.350003466,32281.68043702
2017-01-11,32745.97070386,1324.5400282070002,2907.610000181,29838.3903773
2017-01-12,36464.29069935,4106.869992245,3557.000018122,32907.34030936
2017-01-13,33520.85073345,1368.380149878,3669.669992355,29851.2203591
2017-01-14,33692.78056749,3058.210009511,3358.459994679,30334.39033449
2017-01-15,30384.96065542,3374.6599909,2700.339997766,27684.64024739
2017-01-16,35957.68073491,4204.249999301,3621.920005628,32335.80039224
2017-01-17,32197.11059039,2079.809946452,3470.460003802,28726.70034987
2017-01-18,38476.56060454,6567.980001115,4005.900022738,34470.71027766
2017-01-19,31240.410614379998,3916.039966057,3159.629999474,28080.80026843
2017-01-20,37507.01085343,5901.339998238,3805.149987392,33701.90046336
2017-01-21,32251.480612299998,-466.43997477899995,2980.200003922,29271.300337329998
2017-01-22,32450.41063914,4472.720030508,3575.770001645,28874.70028467
2017-01-23,33079.95062067,3082.680002593,3303.600002156,29776.39033691
2017-01-24,31213.96055998,3836.1199792009998,2877.170004585,28336.84026611
2017-01-25,33390.99062366,1298.790003872,3490.009989598,29901.00021013
2017-01-26,32012.89071462,3728.950039021,3462.770009566,28550.15031222
2017-01-27,33721.76061151,4792.050029112,3200.080013273,30521.73028836
2017-01-28,32945.75064311,3178.769994958,3388.119993027,29557.68030744
2017-01-29,33376.22051665,3435.1300333689996,3490.070002294,29886.20038215
2017-01-30,31958.1206509,3863.430027754,3323.240004115,28634.91024713
2017-01-31,33717.94070252,6223.179996901,3429.200017788,30288.78039739
2017-02-01,39458.350735089996,6925.639966065,3658.030003904,35800.370346179996
2017-02-02,40632.81073261,3271.3099518999998,4238.209989443,36394.63040778
2017-02-03,37941.46068242,5509.330008062,4196.610017178,33744.89033713
2017-02-04,35675.84074422,3730.880049091,3509.629997172,32166.27032508
2017-02-05,37234.63065023,3490.430020662,3118.609999535,34116.06034907
2017-02-06,38876.15070924,5282.530008597,4534.360002795,34341.86046376
2017-02-07,36898.06065597,5174.349973146,3745.390004837,33152.69042972
2017-02-08,37288.79072839,2318.679976778,3552.770001445,33736.0703075
2017-02-09,33630.6006989,4540.310055184,3463.589998248,30167.030403329998
2017-02-10,37352.59074653,5132.130023116,3810.999998166,33541.64034338
2017-02-11,30740.54063426,4735.709962452,2849.890005688,27890.70038024
2017-02-12,28798.03050461,4021.290028763,3084.300003029,25713.75030631
2017-02-13,33908.77060156,1311.3200128889998,3501.550002985,30407.27028892
2017-02-14,25452.05056038,2590.870010026,2566.879999687,22885.20032312
2017-02-15,36371.380691761,4015.569976147,3835.150012568,32536.29027463
2017-02-16,32351.44068729,5361.969996588,3351.280003066,29000.200376599998
2017-02-17,33930.86063784,4463.26003662,3204.959989753,30725.95030429
2017-02-18,41563.70076621,5434.550061063,4465.20001048,37098.54040533
2017-02-19,35819.7305814,2039.610005532,3265.660002279,32554.12036531
2017-02-20,39315.28075842,5086.410018552,3990.059996865,35325.28041857
2017-02-21,37637.77068765,5288.219969799,3899.490007155,33738.31026821
2017-02-22,35221.81062878,4233.829980163,3923.529999489,31298.33031667
2017-02-23,34327.04052754,4666.649989467,3101.020006264,31226.08021641
2017-02-24,34309.7505953,2291.7500765170003,3058.989999227,31250.81023384
2017-02-25,36519.71075867,2916.790002469,3934.990004178,32584.76045816
2017-02-26,33607.33065466,2068.319996623,3548.750010054,30058.62038436
2017-02-27,33517.40071671,5443.83998625,3557.110001952,29960.32031932
2017-02-28,34153.010713711,3765.519954693,3644.800007651,30508.240339381
2017-03-01,32260.4905759,5011.65996537,3267.530000672,28992.99027183
2017-03-02,34267.46071711,3599.3600008539997,3001.600002974,31265.92029576
2017-03-03,39669.74083396,5284.199985216,4155.960002229,35513.8305571
2017-03-04,31721.41072857,4810.380019673,3282.09000994,28439.37038431
2017-03-05,32725.23062922,4203.970074743,3020.7600019,29704.50030606
2017-03-06,33689.71062873,4942.799997114,3321.749998594,30368.010261569998
2017-03-07,35740.80067677,3651.1099831359998,4107.390005459,31633.45037262
2017-03-08,30888.6507191,3959.2200135559997,3332.950011966,27555.73038132
2017-03-09,36844.090797840996,3103.650044992,3434.79999733,33409.320503363
2017-03-10,36946.80062733,1332.669934436,3688.739997729,33258.1203226
2017-03-11,30499.95052525,4217.270006208,3250.480011643,27249.54015355
2017-03-12,33422.99063912,2354.96996685,3328.280004965,30094.74036246
2017-03-13,34587.41071016,3252.8799916069997,3410.009997266,31177.43042378
2017-03-14,32659.10066438,3275.250066247,3041.560002102,29617.5904464
2017-03-15,30858.12058686,3071.409945507,3637.620016235,27220.52024265
2017-03-16,39888.51081701,3480.800012485,4537.289996678,35351.28035595
2017-03-17,31101.97053351,4622.250016015,2661.119996773,28440.88028355
2017-03-18,34254.87073198,1247.800037715,3136.970003793,31117.94033484
2017-03-19,37500.46085016,4987.499964035,3670.070013609,33830.45046999
2017-03-20,33856.10071596,4942.860007458,3480.520006546,30375.62032314
2017-03-21,30904.130680539998,3322.079997231,3173.959985762,27730.20029446
2017-03-22,32656.08060472,3863.530036427,3499.490006798,29156.63032746
2017-03-23,33759.75060834,4729.740004972,3376.020006644,30383.79025641
2017-03-24,29699.81060261,2999.679984407,3148.690003863,26551.14022085
2017-03-25,36155.01086669,4905.910027277,3322.5200056539998,32832.53053286
2017-03-26,31208.07070578,3477.970044138,3279.529995518,27928.57032793
2017-03-27,28501.95049509,5202.160003636,3012.589990173,25489.39015198
2017-03-28,32685.02066251,2739.240009763,3338.940008771,29346.1204321
2017-03-29,39602.36076214,6189.950002669,4001.640008711,35600.76033364
2017-03-30,35660.71071674,2674.78002701,3478.069994187,32182.71033687
2017-03-31,33788.01065126,3231.850040703,3316.690010485,30471.35038418
2017-04-01,34502.04076669,4204.840030331,3774.610008145,30727.47035843
2017-04-02,34208.08066227,2180.439994722,3095.410001517,31112.71037501
2017-04-03,34925.00066542,1346.780023293,3538.8699990630003,31386.17027637
2017-04-04,33586.65062193,6025.770054793,3875.830005232,29710.87026252
2017-04-05,34204.20062842,4589.7200219549995,3696.639999256,30507.620359829998
2017-04-06,27154.890623389998,2742.199986313,2793.599996132,24361.32032587
2017-04-07,35073.200773669996,2639.2599919500003,3259.550005693,31813.68044275
2017-04-08,33266.53069933,5335.069965668,3126.540006411,30140.02039149
2017-04-09,37276.74079198,4138.8700187,3578.530007915,33698.260339989996
2017-04-10,27972.7405877,3750.760045376,3198.129997845,24774.65026118
2017-04-11,33700.58059894,4852.089989069,3430.019998258,30270.5902691
2017-04-12,37129.820816641,2520.7600856460003,4127.95000251,33001.92034449
2017-04-13,30071.70060943,2790.1399495690002,2595.769998418,27475.94026587
2017-04-14,35699.9406322,2165.569999968,3992.980003874,31707.05037175
2017-04-15,36441.55070711,3951.199986433,3561.260003325,32880.30050047
2017-04-16,31502.2106287,1660.8599740190002,3203.330002941,28298.93031706
2017-04-17,36561.12075273,5357.820030511,3672.399994652,32888.78027381
2017-04-18,37533.00087026,4155.250041642,3861.930002532,33671.12044361
2017-04-19,37701.49081451,4207.379997343,3845.570011428,33855.95050046
2017-04-20,28700.63056783,3273.589993807,2591.110007532,26109.56021323
2017-04-21,35222.71065566,5011.340008036,3307.789994678,31914.96044002
2017-04-22,35878.44066981,6037.500003592,4165.670009847,31712.83041542
2017-04-23,39823.68078678,5227.170042254,4545.630001643,35278.10025835
2017-04-24,33730.40077284,5634.1199807719995,3232.720000397,30497.70039781
2017-04-25,35980.58054338,4542.449946581,3515.900014286,32464.73028566
2017-04-26,35192.30065228,1732.670022292,3486.409998814,31705.94036529
2017-04-27,35274.2906917,4471.989976956,3638.670002486,31635.670452219998
2017-04-28,35357.94075028,1728.510010258,3632.119994883,31725.83034506
2017-04-29,35703.97069596,3961.190006794,3589.849998189,32114.19033065
2017-04-30,38945.18083221,5725.750014024,4069.900004013,34875.33039089
2017-05-01,38851.37087704,4868.840007364,3954.0500027,34897.36045094
2017-05-02,44590.46077076,1939.5999905719998,4029.50000684,40561.01029659
2017-05-03,31363.3906517,3838.929978022,3178.000009543,28185.42035678
2017-05-04,32379.24067326,3905.190004261,3235.949987978,29143.3403017
2017-05-05,39338.1908575,4771.269939692,3749.500002366,35588.75040436
2017-05-06,34812.05071296,4824.129985271999,4153.830006965,30658.25034733
2017-05-07,38425.5007631,3299.120003158,3804.760006079,34620.80041165
2017-05-08,34170.3307347,2747.699997931,3208.499996343,30961.8604468
2017-05-09,38277.18080972,-363.219906326,3838.790004784,34438.42041803
2017-05-10,34830.28063232,4639.350004518,3734.750004039,31095.57021901
2017-05-11,31311.68066096,1737.120030884,3030.859995125,28280.85026005
2017-05-12,35790.5607075,4103.660023095,3408.330002017,32382.29043597
2017-05-13,35415.09066414,3114.829977815,3658.280013563,31756.83036045
2017-05-14,37165.5006873,3591.499961392,4348.66000472,32816.88029867
2017-05-15,41173.56088696,6887.610004962,4129.179995319,37044.43045817
2017-05-16,36428.7806512,4302.829956989,3732.840016016,32695.96027385
2017-05-17,30238.84056512,4088.00006467,2938.479996918,27300.42035317
2017-05-18,34181.58068518,636.450056159,3466.499998496,30715.12031977
2017-05-19,33799.21060971,4421.750019355,3408.79000933,30390.46027751
2017-05-20,31481.67058214,5806.980003219,3408.750007036,28072.92024006
2017-05-21,31594.62060224,1854.359958906,3402.470001447,28192.19033288
2017-05-22,43404.7008143,5497.979980003,4083.570003786,39321.19050254
2017-05-23,31256.39061482,6675.079984276,3193.720001329,28062.72018494
2017-05-24,35006.07062226,3328.319994383,3644.360002624,31361.7403
2017-05-25,38783.58072364,4211.429993851,3923.23000144,34860.42033811
2017-05-26,35474.69072778,4042.979997086,3416.160001927,32058.56051233
2017-05-27,36539.04079856,2480.489978663,3731.090016369,32807.97040937
2017-05-28,26946.28060948,2085.350073346,2760.73000048,24185.59025952
2017-05-29,37469.54073752,4604.180014416,3657.50000275,33812.07035454
2017-05-30,43221.0508502,3250.219997918,4776.129995696,38445.00045443
2017-05-31,31764.88061202,3822.609938418,3280.270008802,28484.65020006
2017-06-01,43599.9808092,3655.7400633489997,4158.580001826,39441.45044016
2017-06-02,36135.56077268,6304.820018905,3218.439996274,32917.15033729
2017-06-03,36046.34074862,3539.569963149,3800.619991529,32245.75039314
2017-06-04,30377.62054858,3619.070010777,3367.240007632,27010.41027814
2017-06-05,31598.6505744,4088.340024041,3230.060017785,28368.6202549
2017-06-06,31857.58058582,6093.610013211,3155.979995232,28701.6403202
2017-06-07,32567.65055524,3881.099936442,3367.950000025,29199.75018732
2017-06-08,32722.54069196,4507.010025544,3012.299999119,29710.28039961
2017-06-09,31970.05069774,2428.730006777,2987.859998103,28982.2104836
2017-06-10,32764.25069094,4301.88999231,3474.120003466,29290.15032204
2017-06-11,36948.63066544,3133.619990631,3452.919991943,33495.760185549996
2017-06-12,34625.15073436,3732.629976629,3611.880001399,31013.31039047
2017-06-13,41062.94081938,4842.770078883,4621.159991486,36441.81036804
2017-06-14,37390.76073132,5379.650079344,3720.810008318,33670.02030588
2017-06-15,25757.34053808,4028.170007136,2698.619997247,23058.75022882
2017-06-16,33239.92073096,2235.590046462,3311.590000135,29928.360488809998
2017-06-17,33739.40066586,1471.839964624,3547.449998124,30191.980369689998
2017-06-18,27370.14053762,3843.679998447,2698.540015799,24671.65022283
2017-06-19,34026.7807353,1686.160020924,3527.510000513,30499.300388339998
2017-06-20,33028.98076312,4991.530026866,3695.689992523,29333.310367719998
2017-06-21,38735.75073688,2813.99002506,3967.060012228,34768.7302707
2017-06-22,37168.06065808,5306.960008567,3335.280005469,33832.83035675
2017-06-23,40609.71084294,5600.430040914,4381.88000381,36227.89043866
2017-06-24,35851.2907105,5948.020092115,3510.439998462,32340.89039193
2017-06-25,38131.31076482,1102.6599828839999,4223.310007122,33908.03041489
2017-06-26,35609.58065088,2728.76995984,3622.060003989,31987.55024356
2017-06-27,37360.40078824,1508.979977245,3724.439998633,33636.03049146
2017-06-28,29268.0005001,2377.099994216,2943.079997515,26324.92029228
2017-06-29,30257.380516279998,1861.8599970330001,3268.510007252,26988.90018786
2017-06-30,32264.73054548,3384.999982361,3006.240008658,29258.53034619
2017-07-01,37269.23062222,4359.180009985,3930.450008673,33338.82033229
2017-07-02,44554.8808366,3535.150017764,4271.869995141,40283.05044379
2017-07-03,37849.28087658,5212.199940355,4098.130001229,33751.17028614
2017-07-04,35844.94068578,3846.790037637,3613.589999424,32231.42029629
2017-07-05,38244.65068505,5153.459963556,3894.120003223,34350.58051627
2017-07-06,37948.56071882,-57.67999231799996,3917.630012758,34030.97038312
2017-07-07,41165.1107716,6197.650016511,3913.990004064,37251.16032405
2017-07-08,28744.47054332,1680.990062473,2752.240000597,25992.2602806
2017-07-09,31574.5506444,3028.700002012,3097.760004224,28476.82045781
2017-07-10,29844.13063492,2056.760005026,3688.330005704,26155.84026364
2017-07-11,39424.37084262,5659.2599794279995,3937.710000027,35486.68042015
2017-07-12,34565.37066706,3449.770077566,3195.519992396,31369.90032589
2017-07-13,34346.12062857,1945.1700569299999,3694.1499992540002,30652.03024671
2017-07-14,31079.52060372,2908.299937606,3127.07000684,27952.4704062
2017-07-15,37558.28058692,3858.8799749610002,3805.280014342,33753.06022288
2017-07-16,31869.53066702,4035.4899749809997,2783.69000076,29085.88029111
2017-07-17,34718.19060966,2180.379936853,3840.799988176,30877.42029604
2017-07-18,35633.84074475,3557.9500194409998,3492.479995699,32141.40036965
2017-07-19,33618.41064134,4665.409983463,3666.67001045,29951.79023945
2017-07-20,38374.68077542,4746.000048854,3749.180007823,34625.52047384
2017-07-21,35492.52061136,1715.510007508,3558.259998069,31934.32025948
2017-07-22,41125.5007255,3965.070065576,4066.679998854,37058.86038581
2017-07-23,39167.51077718,5723.050014156,4321.080002203,34846.49036418
2017-07-24,35345.3406758,3341.419985187,3559.949997644,31785.4203684
2017-07-25,35233.92062448,1755.1099773669998,3581.64000812,31652.32029783
2017-07-26,30779.66060316,2859.580001446,2663.250008351,28116.43034207
2017-07-27,30599.40049038,2654.48998616,3463.710001089,27135.74020203
2017-07-28,37443.90068868,5392.779888468,4023.68000139,33420.25042716
2017-07-29,35946.26064742,5772.630001701,3567.210010292,32379.11037096
2017-07-30,34849.41069076,4298.40007961,3580.460002568,31268.98025567
2017-07-31,34161.81065816,3528.849977818,3094.5799924,31067.26035324
2017-08-01,38020.12073971,3672.849995381,3913.099991306,34107.0602801
2017-08-02,34165.31073072,2521.65996157,3760.180005721,30405.17028023
2017-08-03,32615.60064715,3106.039982779,3470.76000746,29144.8703689
2017-08-04,38104.3306085,4387.730002737,3622.400007963,34481.97031413
2017-08-05,36351.33065034,4466.5000288989995,3536.579998278,32814.79035199
2017-08-06,31598.58062786,4917.349996269,3499.259996646,28099.35023886
2017-08-07,30545.87058302,5935.550002331,3184.820003374,27361.0903133
2017-08-08,35766.53070894,5303.620028609,3564.269999271,32202.29042068
2017-08-09,34648.91065272,4084.110017818,3601.789999126,31047.16034718
2017-08-10,39790.9407355,2233.0701036799996,4045.040015349,35745.9403806
2017-08-11,38809.88084102,2667.460031703,3904.440002668,34905.49047857
2017-08-12,32725.49065436,3128.190037836,3344.799993897,29380.73034304
2017-08-13,37437.890709319996,4190.509996903,3556.880003359,33881.03028912
2017-08-14,37513.3107153,6291.020009566,3930.240001063,33583.15032195
2017-08-15,32639.26057844,3983.0500022319998,3370.0700070899998,29269.20032511
2017-08-16,32924.46061752,3700.1699754329998,3551.469999785,29373.05032344
2017-08-17,40300.13090998,1955.08994595,3775.390000229,36524.76057867
2017-08-18,34183.16059514,4324.239995421,2998.080009577,31185.11032107
2017-08-19,34323.31073792,2873.88000647,3732.359996348,30591.000328539998
2017-08-20,35528.15069231,3035.509979771,3598.13000736,31930.08022685
2017-08-21,41921.78084622,4491.90000321,4655.259993416,37266.57050715
2017-08-22,37454.11077179,5538.470034359,3913.270011488,33540.89038884
2017-08-23,37395.87075112,6828.720015072,3466.440003833,33929.510542179996
2017-08-24,38934.77066468,5497.740055213,3501.980001104,35432.8003139
2017-08-25,31605.87064424,3368.379958176,3489.270005024,28116.64031631
2017-08-26,41758.01077312,5538.060067582,4408.340000485,37349.73040084
2017-08-27,33135.68062266,3107.279965062,3212.329996582,29923.3702662
2017-08-28,33082.43055801,6059.039981476,3234.150011429,29848.31035264
2017-08-29,33368.06051266,6402.530034671,3399.100012418,29969.02022914
2017-08-30,39203.74078052,3076.319986966,3890.549998351,35313.24046396
2017-08-31,33484.27059602,4815.120008004,3699.810009059,29784.50013412
2017-09-01,38641.08076114,5193.860019866,3748.629994061,34892.48041159
2017-09-02,34302.70071064,5008.470019451,3187.17000497,31115.58029186
2017-09-03,37738.50076704,5020.849941523,4264.140002405,33474.40042071
2017-09-04,33926.25063772,2715.51996008,3377.640009636,30548.65023464
2017-09-05,38506.92063928,2701.140030611,3783.880010425,34723.09032457
2017-09-06,35146.4107103,3820.640001272,3554.580001594,31591.87039565
2017-09-07,31225.78052954,3510.3999924160003,2888.109998207,28337.71030469
2017-09-08,33647.70060001,3259.7300024319998,3507.049999147,30140.65037913
2017-09-09,36899.04080638,5623.209992523,3866.050000073,33033.04031038
2017-09-10,39494.07081654,3154.130070624,3982.720000708,35511.39035997
2017-09-11,43296.07059834,6194.050062218,4672.660012439,38623.45036483
2017-09-12,42026.2005847,3468.340002083,3759.630003671,38266.62023163
2017-09-13,39076.5906485,3693.879986552,3822.31999874,35254.300364919996
2017-09-14,36366.13056194,2272.06995801,3401.06000578,32965.10028416
2017-09-15,36216.42032596,474.2499945270001,3546.150006952,32670.290137750002
2017-09-16,35456.56058118,7270.189971861,4130.0300086,31326.5902288
2017-09-17,38006.42062756,4518.589988469,3680.989990087,34325.47034823
2017-09-18,34946.61047764,3242.359963805,3770.929999112,31175.71026586
2017-09-19,36226.37049874,5057.190026458,3934.110001305,32292.32020179
2017-09-20,39575.83044396,4170.539979849,4133.890009394,35441.99018425
2017-09-21,41876.2406197,5454.899985505,4333.390003259,37542.87036149
2017-09-22,36546.4904709,3382.100106282,3299.020000231,33247.51018118
2017-09-23,38566.2505913,4431.490067635,3738.749995042,34827.52028813
2017-09-24,39926.25057986,4467.23993675,4419.520000928,35506.76027847
2017-09-25,41216.150574,2163.079983299,4414.12001043,36802.12030425
2017-09-26,41596.11059164,4666.66009503,4108.309999219,37487.84038503
2017-09-27,32756.71043392,3874.920065153,2721.530004737,30035.20025986
2017-09-28,39476.35041056,5653.629963704,4080.000000592,35396.39025471
2017-09-29,42376.98055622,4848.889938607,5028.1299992,37348.8702273
2017-09-30,48715.91046798,3150.070046257,5510.000010242,43205.9401271
2017-10-01,49146.50047962,7417.730039553,4686.739993919,44459.8101376
2017-10-02,26234.2101064,-105.26999158799991,1702.369997555,24531.85006577
2017-10-03,2113.43999456,192.300006192,223.739998696,1889.70000653
2017-10-04,2144.5199944799997,108.019994535,221.399998663,1923.12000469
2017-10-05,2113.43999456,395.549995797,213.159998892,1900.28000454
2017-10-06,2144.5199944799997,228.420005417,211.929998873,1932.59000591
2017-10-07,3989.44012253,786.379995598,430.619998044,3558.82004169
2017-10-08,1495.86002529,301.83000057099997,159.269999203,1336.590010669
2017-10-09,767.7199972799999,71.61000115200001,78.83999960999999,688.879999182
2017-10-10,26342.51049256,4843.229990726,2625.360031731,23717.149877647
2017-10-11,30738.720578,3627.789910877,3157.500039902,27581.2199097
2017-10-12,31190.7605865,1683.950006416,3119.060041272,28071.6998902
2017-10-13,30738.720578,4553.740092528,2978.920034262,27759.7998658
2017-10-14,31190.7605865,3765.229964971,3182.350038891,28008.4098817
2017-10-15,30738.720578,3316.149985578,3236.60004029,27502.1198731
2017-10-16,31190.7605865,3052.38993524,3202.700040662,27988.059906000002
2017-10-17,30738.720578,1437.090054931,3073.860040512,27664.8598939
2017-10-18,28247.6205121,2855.810005273,2992.469995894,25255.1999513
2017-10-19,24282.800414799996,4489.779947537,2449.759959206,21833.1600648
2017-10-20,24639.900420899998,1531.6699782599999,2435.459956146,22204.550048999998
2017-10-21,24282.800414799996,2243.839981371,2381.899958586,21901.0100709
2017-10-22,24639.900420899998,4854.559954858,2585.459954477,22054.5600587
2017-10-23,24282.800414799996,2741.54993458,2530.099954586,21752.8100587
2017-10-24,24639.900420899998,2182.7999402719997,2496.179957376,22143.840057499998
2017-10-25,24282.800414799996,2069.449953931,2389.039957976,21893.8700563
2017-10-26,89785.2000732,2060.4599800600004,8673.52999305,81111.6900329
2017-10-27,102000.0,16298.35002896,10860.0,91140.0
2017-10-28,103500.0,6230.23005314,10732.5,92767.5
2017-10-29,102000.0,9612.6899659,10380.0,91620.0
2017-10-30,103500.0,16578.80015927,10290.0,93210.0
2017-10-31,40891.1202401,4021.0400106260004,4212.860017071,36678.2599947
2017-11-01,17448.7203381,909.279961285,1717.110022568,15731.6099702
2017-11-02,17195.840333199998,1390.85999581,1729.750020767,15466.0899506
2017-11-03,17448.7203381,2666.399992615,1823.310023802,15625.4099733
2017-11-04,25122.640564999998,2644.620041894,2542.450007866,22580.190018
2017-11-05,31842.120758999998,3375.520017116,3269.550002924,28572.5700382
2017-11-06,31380.640747999998,3630.330057091,3138.0199946039997,28242.6200565
2017-11-07,27979.8206797,4726.890010407,2905.650002974,25074.1800309
2017-11-08,11177.8403332,-255.86995471400007,1117.840000596,10060.039962
2017-11-09,11342.2203381,61.770006808999966,1116.210001436,10226.0499565
2017-11-10,11177.8403332,224.39000463299993,1124.42000183,10053.4499427
2017-11-11,11342.2203381,1155.460020046,1185.240001642,10157.0199577
2017-11-12,11177.8403332,920.8200075049999,1156.4800009369999,10021.3999626
2017-11-13,32329.6210335,6288.309998492,3351.089952491,28978.5700295
2017-11-14,36215.441162799994,5470.08009178,3509.749938886,32705.7300408
2017-11-15,36748.021179899995,4630.299951516,3749.399942272,32998.6500237
2017-11-16,36215.441162799994,1978.02004625,3813.319938536,32402.1600639
2017-11-17,36748.021179899995,5089.080005693,3773.379936086,32974.680053
2017-11-18,33580.5010682,3302.4900371659996,3355.689953975,30224.840011
2017-11-19,20219.7605865,345.92999335900004,1989.740002682,18230.0200648
2017-11-20,19926.720578,3679.730002522,2004.399998955,17922.3200678
2017-11-21,20219.7605865,1312.989980461,2112.830001406,18106.9300532
2017-11-22,16145.9804676,1438.589968838,1592.019998544,14553.9899903
2017-11-23,14548.6504209,467.240008795,1493.899992906,13054.790009
2017-11-24,14636.6003416,2269.289980163,1322.629998891,13314.0000155
2017-11-25,17984.849579100002,1896.630036692,1835.030013785,16149.8599693
2017-11-26,17724.199585200004,1732.299935344,1866.31001709,15857.929976700001
2017-11-27,17984.849579100002,3395.41998406,1846.75001811,16138.1399833
2017-11-28,17724.199585200004,2126.050038278,1772.47001741,15951.7599784
2017-11-29,7586.10002927,180.59999280899996,722.799995586,6863.30997079
2017-11-30,5739.20010404,737.729991967,584.039995894,5155.15998077
2017-12-01,5823.60010557,553.429985468,578.989995216,5244.6099777
2017-12-02,10119.5000765,1944.220010344,992.74000352,9126.79006194
2017-12-03,22614.75,3908.609999922,2373.010026234,20241.8502808
2017-12-04,19124.8999996,3234.989996792,1823.810019326,17301.190257
2017-12-05,796.25999724,133.75999851699999,82.889999891,713.409996024
2017-12-06,784.7199972799999,140.060000807,80.649999941,704.109995834
2017-12-07,796.25999724,138.839999836,79.669999862,716.629995334
2017-12-08,1659.22999852,-3.3899978029999893,181.249999354,1478.049992552
2017-12-09,2742.75,179.79000394000002,279.939999218,2462.91999051
2017-12-10,2703.0,223.57999967700002,268.019998903,2435.099987
2017-12-11,4327.3800657,806.45000584,562.629992271,3764.85998344
2017-12-12,14675.760496399998,2229.039982623,1467.569972068,13208.2300413
2017-12-13,14891.5805037,1295.959970266,1465.409974128,13426.210037
2017-12-14,14675.760496399998,2006.38001779,1476.199970992,13199.5900266
2017-12-15,12859.44042252,1943.919983956,1311.809976061,11547.67004001
2017-12-16,2113.43999456,191.61999938600002,221.409998713,1892.03000454
2017-12-17,3572.52009189,193.510001581,361.819997732,3210.70004085
2017-12-18,4017.44012444,398.57999595499996,395.209998378,3622.23004534
2017-12-19,1065.75000846,-116.21000065299998,125.50999891,940.240003625
2017-12-20,767.7199972799999,124.199999182,77.429999583,690.289999987
2017-12-21,23833.21041872,4676.1799332049995,2483.689980697,21349.600009105
2017-12-22,24282.800414799996,2816.959962866,2371.179957366,21911.7300417
2017-12-23,84070.7001037,15118.42997163,8297.799990409,75772.9300232
2017-12-24,67080.6401372,4181.690002907,6999.470008384,60081.1699829
2017-12-25,17448.7203381,1138.689978202,1830.900023721,15617.819961700001
2017-12-26,21159.240449099998,3951.59999169,2205.0000178669998,18954.2400057
2017-12-27,31842.120758999998,4357.9600455,3184.169996134,28657.950043099998
2017-12-28,31380.640747999998,1661.369972038,3041.100004064,28339.5400394
2017-12-29,31842.120758999998,5283.819934099,3248.77999727,28593.3400577
2017-12-30,19496.640504,1260.8600058240002,2174.710004008,17321.9499966
2017-12-31,11342.2203381,1862.729993554,1127.710001426,10214.5499565
2018-01-01,33638.0410774,5335.5700069800005,3263.749943646,30374.3300164
2018-01-02,28603.6608875,2409.199960676,2871.599974833,25732.0700677
2018-01-03,19926.720578,2674.4200223420003,2087.92000108,17838.8000179
2018-01-04,17121.2402639,-683.430026809,1783.16000199,15338.1100308
2018-01-05,17724.199585200004,2526.419972123,1846.75001715,15877.489989400001
2018-01-06,16222.349655400001,2066.849983437,1621.790012582,14600.58996898
2018-01-07,5739.20010404,303.660010014,578.979995471,5160.21997832
2018-01-08,5823.60010557,910.57998244,575.609995106,5247.98997496
2018-01-09,5739.20010404,474.139995397,562.949996216,5176.24998091
2018-01-10,15070.90004743,159.23003751700008,1639.230016288,13431.73015596
2018-01-11,22287.0,1593.61998379,2241.910020611,20045.2102966
2018-01-12,22614.75,1669.90004334,2363.180026545,20251.6802674
2018-01-13,12168.27999872,756.970043672,1230.860012969,10937.500151619999
2018-01-14,796.25999724,101.33999988299999,79.079999828,717.209996215
2018-01-15,784.7199972799999,136.329999963,83.119999873,701.639995564
2018-01-16,796.25999724,78.830000154,82.259999896,714.039996134
2018-01-17,1659.22999852,245.459997206,164.629999468,1494.669992422
2018-01-18,2742.75,334.150004104,269.99999892200003,2472.85998914
2018-01-19,2703.0,-29.509999862999994,271.989999737,2431.1299915
2018-01-20,2742.75,8.309991623000005,286.69999903,2456.15998838
2018-01-21,2703.0,107.76999868200001,279.73999917,2423.3799896
2018-01-22,2742.75,362.529996973,276.359999056,2466.49998853
2018-01-23,2703.0,311.08999527599997,264.039998884,2439.06998822
2018-01-24,2742.75,38.640002752,272.389999743,2470.47998997
2018-01-25,2703.0,541.070004108,286.299999024,2416.8099899100002
2018-01-26,9609.4802847,843.370015753,1023.659980488,8585.89001454
2018-01-27,14675.760496399998,3446.030000382,1422.249974278,13253.5500333
2018-01-28,14891.5805037,2732.139997483,1519.359970842,13372.2500303
2018-01-29,14675.760496399998,1915.689979903,1545.2699699720001,13130.5300291
2018-01-30,14891.5805037,1580.039990843,1529.079970378,13362.5400389
2018-01-31,14407.34047446,891.4799869420001,1376.009975824,13031.37005589
